feature,train_weighted_corr,valid_weighted_corr,single_feature_valid_r2
feature_120,-0.03257581656574683,-0.05332249355046784,0.7907537275191846
feature_036,-0.0289179188518975,-0.0584229348726274,0.7906933365980344
feature_313,-0.031026348377534256,-0.06195479823129458,0.7906445728852202
feature_000,-0.030683991455675755,-0.06147406604270882,0.7906360686760778
ts_minus_ema20_feature_284,0.029436299668806936,0.04765271567502826,0.7906181796568771
feature_263,-0.02956244192338692,-0.06095747187335983,0.7906179404488719
feature_094,-0.03990962759723027,-0.040382491123754354,0.7906148375858657
feature_034,-0.018199086720074448,-0.0642049229657162,0.7905990232832033
feature_247,-0.03612550631112998,-0.038318108640559186,0.7905857107948806
feature_308,-0.024945422067322337,-0.05056544998239075,0.79057968051862
feature_135,-0.02184188437964764,-0.0523218378298883,0.7905654278378065
feature_305,-0.021483138023300635,-0.05097280488000335,0.7905635226751133
ts_rolling_std20_feature_253,0.041916806415546216,0.03930219639069443,0.7905540654127688
ts_rolling_std20_feature_023,0.04286015433521175,0.039628397295622377,0.7905379750445701
ts_minus_ema20_feature_288,0.03089240500999886,0.04812324558395147,0.7905359207471653
feature_013,-0.02003323461209288,-0.04360942725719185,0.7905334114068217
feature_117,-0.03412684009552267,-0.04363685394013346,0.7905131481464525
feature_276,-0.03412683588479697,-0.04363684630179863,0.7905131480547514
feature_288,0.044936404138795176,0.0648222588601984,0.7905119131881808
feature_042,-0.02316663053118857,-0.04380361572311988,0.7905055303319481
feature_144,-0.022013088543710133,-0.04424642633996143,0.7905038335962931
ts_historical_zscore20_feature_236,0.04093220816146269,0.03521624331815183,0.7905005892361461
feature_111,-0.0295089340788419,-0.04430852230753921,0.7904886137031732
feature_256,-0.026609427201152752,-0.03927375277289243,0.7904803864083209
feature_291,0.0476105612366748,0.055578571089723514,0.790464499087605
ts_historical_zscore20_feature_079,0.022717103485949606,0.03589951319289782,0.7904506754901204
feature_213,0.022583733277935635,0.03695238720343861,0.790449003406245
feature_293,0.04337125618575774,0.05674191412102278,0.790442665615103
feature_155,-0.028433492262939123,-0.02236597342042437,0.790442265253236
feature_217,-0.021479016006377125,-0.028834455446589524,0.7904393373505574
feature_258,-0.023165989727825173,-0.04029390425525946,0.790435940475016
feature_095,0.025723125099288896,0.033583441699842204,0.7904288071130627
ts_historical_zscore20_feature_237,0.024118823250311554,0.035382535038017394,0.790428246144397
feature_113,-0.029814434386280998,-0.035028902108587466,0.7904155344421969
feature_038,-0.02069189719805477,-0.02130298453085431,0.7904113186531455
feature_006,-0.029697121676207326,-0.03308028147017169,0.7904086040779089
feature_269,-0.02936060308658656,-0.03290876833974196,0.7904061157548659
feature_319,-0.030726040203008394,-0.03210883394558521,0.7904051900980734
feature_121,-0.011261355511923645,-0.04453644020562724,0.7904027636527149
feature_158,-0.019557030833814444,-0.020519098605566985,0.7903842126706473
feature_085,0.010367343471692743,0.00973598564575982,0.7903815053145875
feature_281,-0.023881750427171,-0.031031623233325104,0.7903812350650637
feature_087,0.013852828733214497,0.008387298814543833,0.7903762646401961
ts_rolling_std20_feature_218,0.0199998053072879,0.028396109933561575,0.7903753377730693
ts_rolling_std20_feature_061,0.014070430427457174,0.05276608054688138,0.7903744286511285
feature_257,-0.02670981159055876,-0.02120359569207189,0.7903730061584087
feature_109,-0.024754972361875092,-0.022527301173597334,0.7903723622405568
ts_historical_zscore20_feature_276,-0.018987716430492057,-0.02951787550106804,0.7903722012639607
feature_133,0.00782874363237316,0.003921092893206646,0.7903704573818161
feature_008,-0.031248559267708635,-0.028863783525514556,0.7903676089895978
feature_185,-0.018499505407448182,-0.025232536305159127,0.7903670976160413
feature_212,-0.028236986253092084,-0.02388317914429142,0.7903646895968675
ts_historical_zscore20_feature_117,-0.01706785084348626,-0.029578065481957953,0.7903642735421024
feature_003,-0.038533740970621636,-0.026416682745657994,0.7903606291798597
feature_322,-0.02111565047036073,-0.03241927218195107,0.7903602872324437
feature_076,0.016070554139535967,0.02833949043868214,0.7903595192639934
feature_009,-0.02094060405264368,-0.03225148680161188,0.7903575078991214
feature_266,-0.03822275540444116,-0.026024690964236454,0.7903571837896327
feature_321,-0.031322656136759414,-0.02767546509018284,0.7903569651919142
feature_272,-0.020699223129027125,-0.03217594142506077,0.7903563058224516
feature_271,-0.030332206107216274,-0.02754653013155388,0.7903544479071842
feature_097,-0.021931616846808204,-0.022066355685453093,0.7903537582134152
ts_historical_zscore20_feature_115,0.009348966059213936,0.04141349878258149,0.7903526941633917
feature_078,0.014331238024425276,0.028686280703707864,0.7903517200220702
feature_316,-0.03886146972408708,-0.025302573553334973,0.7903488974556696
feature_311,-0.009807314243596115,-0.03642944278294551,0.7903484080862051
feature_132,0.005767489046344963,0.004629223970867402,0.7903473589861107
feature_260,-0.015201109744114944,-0.025136806086487648,0.7903434609770592
feature_032,-0.02213267893676388,-0.025466504304183676,0.7903428324592179
feature_099,-0.025778488939468082,-0.023984028169216836,0.7903409645369486
feature_161,0.01853773629942724,0.025293094047172237,0.7903380132708566
feature_124,-0.008834011503229666,-0.038746938946028556,0.7903363432561838
feature_284,0.01158097532907407,0.030537216746713173,0.7903351712989829
feature_005,-0.025786268257342045,-0.02579601684730748,0.7903328060047554
feature_084,0.014874930454155479,0.002749353066074023,0.7903322097175917
feature_014,-0.014815224428209567,-0.025369517492493412,0.7903321537819888
ts_historical_zscore20_feature_235,0.017383671559385184,0.02586611747397845,0.7903317354345926
feature_154,0.040732852290420354,0.05197850298233293,0.7903309228778618
ts_minus_ema20_feature_104,0.014094768941378342,0.014931037917826096,0.7903308704694162
ts_rolling_std20_feature_024,0.0307640646889931,0.02767589460581316,0.7903303571049799
feature_162,0.027252548094108073,0.017852872601820554,0.7903298093816085
ts_minus_ema20_feature_079,0.02431661582023887,0.026528395057053625,0.7903293506581451
feature_051,-0.021926456137154268,-0.024219002084784544,0.790329272000265
feature_081,0.0321719708935223,0.04752938708706279,0.7903291528650881
feature_096,-0.021964702140974495,-0.024684886523081217,0.7903288540708522
ts_minus_ema20_feature_296,0.02113623748289314,0.02824379914333285,0.7903276187525888
ts_historical_zscore20_feature_116,-0.01672239167726992,-0.024196626729614906,0.7903260383289863
feature_318,-0.02517954712191832,-0.02439469303197619,0.7903212707323082
ts_historical_zscore20_feature_218,-0.013620847300677951,-0.024695323400036582,0.7903211075500736
feature_248,0.013175302960059084,0.026616494106928394,0.7903160830225562
feature_129,-0.011107732738120008,-0.02854756291032265,0.7903149784474224
ts_rolling_std20_feature_225,0.012245671448568016,0.024471990397075694,0.7903136838987435
ts_historical_zscore20_feature_140,-0.028017337306504405,-0.023641523601631055,0.7903135646716871
feature_306,-0.019737867448445974,-0.023750972126324526,0.7903125112883834
ts_historical_zscore20_feature_069,-0.009877730082049004,-0.017476427603181896,0.7903119972090626
ts_historical_zscore20_feature_234,0.018166485467034702,0.0232763485752997,0.7903114907135095
feature_287,-0.018418370190347193,-0.021701413080289146,0.790310115140953
ts_lag5_feature_125,0.012600853060838746,0.009189839610568835,0.7903092363585407
ts_ema20_feature_125,0.012465087923367315,0.009199454954566182,0.7903083739750136
ts_ema5_feature_125,0.012433783084417184,0.009187382592517094,0.7903081974970183
ts_lag1_feature_125,0.01242566178149929,0.009184778481640715,0.7903081538811528
ts_delta5_feature_218,-0.012064446997719611,-0.02413684011179293,0.7903073377902263
ts_historical_zscore20_feature_274,0.007658143793435188,0.04241640831447082,0.790306834971801
feature_125,0.012187555436542057,0.009183472484102086,0.7903067461091603
ts_minus_ema20_feature_154,0.025372049679670064,0.028897307165898143,0.7903065942332481
feature_268,-0.025339637621780906,-0.022120459484242933,0.7903046525268247
ts_minus_ema20_feature_110,-0.025589541944443708,-0.02099942339068582,0.7903041184758527
feature_264,-0.03761001110102777,-0.022658529413466574,0.7903040073893253
feature_015,-0.012339838901113833,-0.02107603206268975,0.7903035002796082
feature_047,-0.016345499797667404,-0.02238945115882248,0.7903027936782342
feature_300,0.0043217450925866485,-1.8149839595031593e-05,0.7903019855990214
feature_001,-0.037703782754334524,-0.022639956092048656,0.7903019255321384
feature_314,-0.037979410575166385,-0.022369966903308572,0.7903009173023126
feature_123,-0.01310953710994643,-0.021439921474558962,0.7903009102676491
ts_rolling_std20_feature_115,0.007051038545151545,0.0622380727747206,0.7902998293106012
ts_historical_zscore20_feature_122,-0.006689444863292944,-0.03869917004935514,0.7902995382719589
ts_rolling_std20_feature_274,0.007086751395382956,0.06185751713601235,0.7902993783991351
feature_039,-0.010318269959456297,-0.022153282463102057,0.7902993723675247
feature_249,-0.020375478572213918,-0.01815430058035445,0.7902992311980948
feature_156,-0.009178218004050184,-0.015760075090130263,0.7902989733937159
ts_minus_ema20_feature_274,0.015446452690536348,0.02444157158339761,0.790295595117039
ts_minus_ema20_feature_115,0.01544661453258843,0.024441323786134114,0.7902955944628389
feature_299,0.0025789390107279473,-0.0006695423813084495,0.7902944440304163
ts_minus_ema20_feature_312,-0.009252381653368658,-0.019956872574801943,0.7902939867628488
feature_077,0.004510460694566733,0.0008927503949194298,0.7902931051382358
ts_historical_zscore20_feature_060,-0.010917172176732727,-0.02393451387323462,0.7902929085022574
feature_164,0.005652804607700091,0.037156152305556515,0.790291282613109
ts_historical_zscore20_feature_231,-0.010315983080371696,-0.0233200307857271,0.7902891774757027
ts_delta1_feature_218,-0.011060588437029409,-0.021966720727254932,0.790288356786828
feature_070,-0.016331930073855482,-0.017727020374953426,0.7902878793464367
ts_minus_ema20_feature_276,-0.012879212243499109,-0.02563250055606398,0.790287796323027
ts_minus_ema20_feature_117,-0.012879019671513661,-0.02563277089349208,0.7902877963049448
ts_minus_ema20_feature_140,-0.008575987336842172,-0.031094636672303316,0.7902873540679066
ts_ema20_feature_141,0.015220797970968486,0.024600780267080655,0.7902860139863973
ts_ema5_feature_141,0.015179972578651158,0.024516824931832455,0.7902856122810206
ts_lag1_feature_141,0.015162401600931255,0.024490492575053247,0.7902854656146922
ts_historical_zscore20_feature_143,-0.017350457419964375,-0.018790008420950723,0.7902850409428795
ts_delta5_feature_229,-0.01299440247235592,-0.018933234096916492,0.7902837598919576
ts_minus_ema20_feature_293,0.017190994490227703,0.021201441149519523,0.7902828411340608
feature_226,0.014593962544158758,0.0179407168676704,0.7902828399608566
feature_274,-0.02172268977182679,-0.01941981458270464,0.7902819309700055
feature_115,-0.021722674913369308,-0.019419759117976495,0.7902819306057787
feature_307,-0.013369271277331353,-0.02399851627855723,0.7902807644505349
feature_157,-0.010075585893034145,-0.019699522979363636,0.7902799200572637
feature_208,0.011333541420072897,0.02007969756150553,0.7902787338024917
feature_060,-0.013941901394593916,-0.020097040896969297,0.7902738551082322
feature_203,0.0231466467553686,0.018299589072128027,0.7902735761513702
ts_historical_zscore20_feature_141,-0.014589768277087257,-0.014670801937583777,0.7902727237759967
ts_historical_zscore20_feature_114,-0.035227786250561555,-0.019903847756323183,0.7902722303553795
ts_minus_ema20_feature_074,0.021318449735712838,0.01806741337218703,0.7902713811184011
ts_minus_ema20_feature_196,0.01599785405599061,0.018696357105691966,0.7902708879178793
ts_rolling_std20_feature_116,-0.008237124735482116,-0.009292755233792298,0.790270806010851
ts_minus_ema20_feature_057,-0.017216211347833972,-0.016953765737506652,0.7902703842658094
feature_137,-0.013557900375339323,-0.024814087751930766,0.7902687131931806
ts_minus_ema20_feature_255,-0.02470930658269902,-0.018431698700120572,0.7902676213181339
feature_187,-0.015371099409765852,-0.01643212942902475,0.7902673363518614
feature_294,-0.006248927596295678,-0.01027318915044278,0.7902673342118528
feature_166,-0.003898166825156758,-0.03444985516345579,0.7902663782540797
ts_delta1_feature_231,-0.019783041240039632,-0.016639210991746006,0.7902662015005835
ts_historical_zscore20_feature_165,-0.014671999883355193,-0.027681440752822396,0.7902644987093773
feature_283,-0.02225814474120261,-0.01901797101124213,0.7902622184105408
ts_minus_ema20_feature_081,0.027195154315252636,0.01637127677086518,0.790260209504416
feature_057,-0.012850045044062341,-0.008138583941501668,0.7902592193254869
ts_ema20_feature_227,-0.009385571028977637,-0.0007233350700457654,0.7902589029005623
feature_227,-0.009187320299836562,-0.0011937789171826531,0.7902588292325035
ts_lag5_feature_227,-0.009379470124548943,-0.00046393465574896613,0.7902583149553247
ts_ema5_feature_227,-0.009202946504575914,-0.0008190474713286542,0.7902582408571717
ts_lag1_feature_227,-0.009075894590148528,-0.0011129320866164777,0.7902581769170032
feature_075,0.005803732590866022,0.004554811687953963,0.7902574075939518
ts_historical_zscore20_feature_126,-0.00715112628919732,-0.027430910849705014,0.7902572913132053
feature_080,-0.006014437279076519,-0.001122025801813903,0.7902572810634007
feature_037,-0.008758554369380033,-0.022467426844419703,0.7902568027299215
ts_minus_ema20_feature_152,0.02240138630733934,0.01563599860961993,0.790254911254787
feature_171,0.009468361976066831,0.017956422484790877,0.7902542082881516
ts_historical_zscore20_feature_066,-0.017997081996421967,-0.013488854976875608,0.7902521226952645
feature_168,-0.018443618839820847,-0.011829599032814797,0.7902509380662898
feature_130,0.0012006482568981491,0.0009285762542538054,0.7902501868172964
ts_ema20_feature_067,0.009342521261716332,-0.005693665748859193,0.7902483965143942
ts_ema5_feature_067,0.009272877503384572,-0.005675193454454368,0.7902483226575798
ts_lag1_feature_067,0.009252536459308952,-0.005668797731603404,0.7902483024011215
feature_219,-0.010539755263594356,-0.013095393216793337,0.790247293546507
feature_054,-0.004306630867323892,-0.004559328519475284,0.7902468023404792
feature_186,-0.005842996351248951,-0.014287365915094254,0.790246282021335
feature_286,0.0075132153861634556,0.014327645335723223,0.7902455608510692
ts_historical_zscore20_feature_064,-0.02470238402019522,-0.01447113101769704,0.7902455153051022
ts_lag5_feature_141,0.012679522833561213,0.02454443704563635,0.7902450210030406
ts_lag5_feature_067,0.01084187599670446,-0.005681990177958734,0.7902448938638953
ts_minus_ema20_feature_298,0.018138948212293532,0.013246551357401184,0.7902446450154937
ts_minus_ema20_feature_056,-0.02191264653552927,-0.01316478685981043,0.7902436101579755
ts_lag5_feature_275,0.008261005670332828,0.0049302175315053855,0.7902434000498109
ts_ema20_feature_275,0.008169791977657782,0.004963505953125731,0.7902431474049065
ts_ema5_feature_275,0.008129696999678561,0.004916183609199338,0.7902429034879255
ts_lag1_feature_275,0.008119906042406711,0.004902166143560785,0.7902428384443357
feature_275,0.00799534952262315,0.004895226585857943,0.790242407365592
ts_rolling_std20_feature_114,-0.007865543357396046,0.0017979796239794993,0.7902423734023385
feature_261,-0.0027129544456373214,-0.008313972734293603,0.7902417465359468
feature_050,-0.020935710372679415,-0.014338672547033856,0.7902415167753741
ts_xs_rank_feature_062,-0.004282683317511467,-0.011440325222505824,0.7902397485271029
feature_112,-0.015214307619118787,-0.014356919110946857,0.7902391318441684
feature_167,-0.006048564314156514,-0.026329173257141923,0.7902390063269595
ts_rolling_std20_feature_273,-0.007314974115485009,0.0038929976206383203,0.7902389651692636
feature_058,-0.008668654675419166,0.003443789132704672,0.7902389113110038
feature_215,-0.008613343651701055,-0.011216608762710367,0.7902386140915979
feature_184,-0.002946939040526904,-0.022966543240720075,0.7902385824717713
asset_id,0.011867484908923262,0.00702670506112328,0.79023750926397
ts_rolling_std20_feature_066,0.013185230251824602,0.019795355941206065,0.7902372262459837
ts_minus_ema20_feature_156,-0.013284410233203517,-0.011363021001438324,0.7902370997667791
ts_rolling_std20_feature_126,0.003322138593214197,0.025406476807558077,0.7902363692495019
ts_ema20_feature_066,0.010321998728027342,-0.008547685120371042,0.7902353715405198
ts_ema20_feature_059,0.010295632496575207,-0.008520787470905507,0.7902351088257277
ts_ema20_feature_064,0.010348423200732723,-0.008480698728334034,0.7902347880894194
ts_ema5_feature_066,0.010122968925017442,-0.00870338983794627,0.7902347375359279
ts_lag1_feature_066,0.010065492305587667,-0.008741374534493812,0.7902345763782022
ts_ema5_feature_059,0.010095220876691723,-0.008677384604649566,0.7902344732129609
feature_246,-0.00485219258564428,-0.016260364522052425,0.7902344680567972
ts_lag1_feature_059,0.010037393146787952,-0.008715642361463504,0.7902343116641398
ts_ema5_feature_064,0.010157089704121339,-0.008631606041716908,0.7902341829226459
ts_lag1_feature_064,0.010101955528774494,-0.008667923491030667,0.7902340310589677
feature_148,-0.011989336445098916,-0.011162760380510386,0.7902335213084523
ts_historical_zscore20_feature_155,0.0030424673488249005,0.019103366669068134,0.7902326619336673
feature_225,0.0024076939809203383,-0.0009360915052037819,0.7902324919792519
ts_lag5_feature_066,0.01108058845998519,-0.0086665479730546,0.7902320291221906
ts_lag5_feature_059,0.011063277407354648,-0.008640269459410061,0.7902318564468176
feature_061,-0.019891009851651105,-0.011171720962337886,0.790231719100425
ts_lag5_feature_064,0.011100599501110411,-0.008596203390159766,0.7902316509631475
ts_historical_zscore20_feature_275,-0.010369769383021527,-0.010505469183075055,0.790231410115928
feature_188,-0.013486679327377647,-0.009692429124655254,0.7902311118094534
ts_rolling_std20_feature_237,0.026396448336437728,0.04150792808757084,0.7902304731259006
feature_151,-0.01654085116064635,-0.01138318541275894,0.7902303063561608
ts_ema20_feature_262,0.008381905940056713,0.0029944038705983877,0.7902299158343544
ts_ema5_feature_262,0.00834370948493436,0.0030245992994376134,0.7902298390459318
ts_lag1_feature_262,0.008308077935814635,0.0030428719395882145,0.7902297924024776
ts_xs_rank_feature_112,0.005222390145715735,0.01341043068695729,0.7902293897512275
feature_116,-0.030192573805742633,-0.011305119774333608,0.790228712959313
ts_lag5_feature_262,0.010184400211404819,0.0029983825441696164,0.7902285729282317
feature_297,-0.0029658432059328187,-0.0001233459345637051,0.7902285294097942
ts_lag5_feature_083,0.003037191245801494,-0.008711751467739753,0.7902281051695855
ts_xs_rank_feature_141,0.0030193190832334873,0.011073171061426424,0.7902279301767435
feature_126,-0.03517507027052645,-0.018555069031041167,0.7902275542374658
feature_090,0.0017734801822036177,0.024091909739041486,0.7902274998803976
feature_218,-0.005029490745271727,-0.00962163768536097,0.7902274903180695
ts_delta5_feature_235,0.029140402364045134,0.016478459413902823,0.7902272807239664
ts_historical_zscore20_feature_156,0.01614472033369727,0.010513805238956593,0.7902272319386627
feature_296,0.010265356491297352,0.027683564270909556,0.7902272280611797
feature_108,-0.013329045582695856,0.0012787106700629285,0.7902265900907208
feature_279,0.004716683309056391,0.006140414656479399,0.7902263136996773
ts_minus_ema20_feature_310,-0.018492252339785062,-0.009713063380077786,0.7902256714828173
feature_179,-0.0014194981996571614,-0.022909658578465136,0.790224575353906
ts_xs_rank_feature_084,0.0048489846519549126,0.0039663581606823,0.7902243916103842
ts_rolling_std20_feature_236,0.019071854220585827,0.031320323624861604,0.7902239953352646
feature_237,-0.0013684554657995556,0.0026052524673497346,0.7902236908156579
ts_ema20_feature_237,-0.001270883653999001,0.0023749815857345884,0.7902228123469266
ts_xs_rank_feature_198,-0.006823219490336488,-0.009633847805180173,0.7902226342829428
ts_historical_zscore20_feature_284,0.007676021481775315,0.03970361058745506,0.7902225391602116
feature_065,-0.0034461209617769697,-0.007808086422624798,0.790221783649202
ts_delta1_feature_229,-0.0026662194466631193,-0.01012234905509357,0.7902215897947584
ts_rolling_std20_feature_252,0.008153738458634239,0.012204312169522984,0.7902215281248313
ts_xs_rank_feature_122,0.002823918627552563,0.009705159900812336,0.7902214447472604
ts_historical_zscore20_feature_118,-0.02102989732311081,-0.010660017631967797,0.7902213526378371
feature_110,-0.0019242992181116672,-0.014738290652183943,0.7902212356057007
ts_ema5_feature_237,-0.0010457299853103212,0.002539296335510177,0.7902205457003151
ts_lag1_feature_237,-0.000985416093542997,0.0025834476798072144,0.7902199372181982
ts_rolling_std20_feature_067,0.004613348053396576,0.015051821342951235,0.7902198762552798
ts_rolling_std20_feature_118,-0.005170912839227254,0.006104463900109007,0.790219822116687
ts_rolling_std20_feature_276,0.0013843697849107032,0.038547723509697124,0.790219475657638
ts_xs_rank_feature_010,-0.0024200944017838486,-0.008228574256737538,0.7902194035108135
ts_rolling_std20_feature_117,0.0013626612895549122,0.03852450010451165,0.790219336594211
ts_minus_ema20_feature_072,0.008189575043339852,0.009106591875074748,0.7902191186959728
feature_259,-0.0009811344116124015,-0.014059048366203154,0.7902190518803199
ts_historical_zscore20_feature_256,0.006070207216618929,0.006707916834403259,0.7902190107542832
ts_rolling_std20_feature_119,0.018018912078952978,0.02538584386852499,0.7902186501387927
feature_160,-0.0010698525520411492,0.0039295359307588455,0.7902182324277423
feature_254,0.004585034259949603,0.0033146385181191365,0.7902180619072241
ts_xs_rank_feature_065,-0.003890601092090703,-0.006321227197042356,0.790217909111311
feature_223,-0.005285591521442205,-0.0071376022087179655,0.7902178956743013
ts_xs_rank_feature_073,0.0038132998580079026,0.006307855819607258,0.7902177935874675
ts_ema20_feature_073,0.016192639929519168,0.004188788517057764,0.7902177326554675
ts_ema5_feature_073,0.016189941153164432,0.004176151663863793,0.7902177038457836
ts_lag1_feature_073,0.016189334912928136,0.004172425730964213,0.7902176958399909
ts_lag5_feature_237,-0.0007402444282078931,0.002496909266728519,0.7902174872656581
feature_056,-0.0018941355683368625,-0.008609999042252053,0.7902172744833217
ts_lag1_feature_112,-0.0029806199768643606,-0.014301913179182512,0.7902172151492854
ts_ema5_feature_112,-0.0030008927268213095,-0.014200612319361705,0.7902171880089994
feature_055,-0.0018851731184898403,0.0014991589789125003,0.7902171261798859
ts_ema20_feature_112,-0.0030792919608829375,-0.01380165883794427,0.7902170680274021
feature_173,0.0008406334413623161,0.02505650269499682,0.7902169200593592
feature_214,-0.010652418548924533,-0.0059899263058475856,0.7902168715288586
ts_rolling_std20_feature_275,-0.004673324488096769,0.000638331788236884,0.7902166417889238
ts_lag5_feature_073,0.01298991745212483,0.004180248974292899,0.7902165647782726
ts_historical_zscore20_feature_299,0.004500653494392723,0.005372322404048579,0.790216513507581
feature_244,0.0013182041975939502,0.011863742078911894,0.7902163201286427
ts_xs_rank_feature_041,0.0037635601456434756,0.0030827568450459853,0.7902154681800727
ts_historical_zscore20_feature_111,0.0007442155787902649,0.016242879386945158,0.7902152459801388
feature_315,0.0017808914829549537,-0.0019355150115719394,0.7902151868589842
ts_xs_rank_feature_234,0.009211480821335443,0.009129638208190736,0.7902149388384435
ts_lag5_feature_114,0.003122934956334282,0.001585733627250502,0.7902148977253561
ts_xs_rank_feature_125,0.0037529458256260846,0.00978127192739844,0.7902148585967743
ts_minus_ema20_feature_108,0.007184454855097198,0.006458417893060717,0.7902147855669449
ts_xs_rank_delta1_feature_122,-0.0022930701953629306,-0.005873542820022928,0.7902145935484056
ts_historical_zscore20_feature_080,-0.002183312155555083,-0.008691994158638678,0.7902144090910498
feature_073,0.002338523772454991,0.004170397596775541,0.790214351400363
ts_minus_ema20_feature_198,0.008803993108293462,-0.004941916671334524,0.7902142554862643
ts_lag5_feature_301,0.01282878345267672,-0.007387553295060001,0.7902142362290966
ts_historical_zscore20_feature_293,0.0025210646814147184,0.006009828890961374,0.7902142278999982
ts_lag5_feature_104,0.012835364457580049,0.0009726399917010506,0.7902141004596092
ts_historical_zscore20_feature_125,0.004089261926770678,7.530865848943107e-07,0.7902140515526832
ts_historical_zscore20_feature_110,-0.003594885174325761,-0.0051053390973988,0.7902137551209965
ts_minus_ema20_feature_071,0.008075847067305197,-0.002013490188937844,0.7902135602171647
feature_074,-0.0007690410486169039,0.006648575900504509,0.7902135032560896
ts_lag5_feature_072,0.01293831667689745,0.008562007881337319,0.7902134938460946
ts_xs_rank_feature_106,-0.0017331398665449847,-0.0038602519027274135,0.790213385234698
ts_xs_rank_feature_175,-0.0013255125340947045,-0.00725952184643253,0.7902133226079789
ts_historical_zscore20_feature_057,-0.000967070362267892,-0.008926060821814708,0.7902132388481187
ts_lag5_feature_074,0.012810939399404395,0.0065545950418407235,0.7902131774785693
ts_historical_zscore20_feature_172,0.0029395192417382976,0.004809666624793928,0.7902130699440337
ts_xs_rank_feature_235,0.008758146130960518,0.006799432814033774,0.7902130562569418
ts_ema20_feature_083,0.00039953572666716125,-0.008444933048833673,0.7902130071610592
feature_182,-0.0021514411445410636,-0.006447273474121761,0.7902128856409187
feature_175,0.0002273389763321224,-0.003453201550612408,0.7902127617326669
ts_xs_rank_delta1_feature_074,0.0035370088446282067,0.0037000949442197446,0.7902127147983655
ts_historical_zscore20_feature_056,-0.0015616881309583784,-0.004867981702504502,0.7902127025935273
feature_093,-0.0001838368412041935,-0.04219179846346135,0.7902126182868288
ts_historical_zscore20_feature_224,-0.0014082172130055047,-0.005832175414364541,0.7902125166003404
ts_xs_rank_delta1_feature_062,-0.0023025690564857444,-0.004723749169862406,0.7902124648522899
ts_lag1_feature_301,0.01603133423328211,-0.0065577131471976965,0.7902123695737419
ts_ema5_feature_301,0.01603146939919216,0.0,0.7902123682317522
ts_ema20_feature_301,0.016031515516536185,-0.010957255573849628,0.7902123581103484
ts_xs_rank_delta1_feature_064,-0.0032904365538363235,-0.0034383742336468208,0.7902123543174694
ts_delta1_feature_252,-0.0061033359082731465,-0.003737586663450953,0.7902123504031651
ts_xs_rank_delta1_feature_083,0.0028998989964038593,0.0032752228155936533,0.790212117274429
ts_historical_zscore20_feature_288,-0.001407509790299202,-0.005048030488519716,0.7902120495172145
feature_067,0.0003061637777123156,-0.00566583651314923,0.7902120308365164
ts_xs_rank_delta1_feature_262,0.0007435720257886172,0.005512113848582974,0.7902120001774452
ts_lag1_feature_104,0.01604597495863793,0.000995414154294393,0.7902119893131282
ts_ema5_feature_104,0.016045789232981177,0.0009472229521136217,0.7902119879379124
ts_ema20_feature_104,0.016045430126560616,0.0008291261357163922,0.7902119821416002
ts_xs_rank_feature_053,0.0019245078244865296,0.004951773339260417,0.7902119346267837
ts_historical_zscore20_feature_074,0.0007243629102034595,0.010208669070588487,0.7902119310247557
feature_176,0.0035497836716266917,0.005139166710187841,0.7902118815383152
ts_xs_rank_feature_072,-0.0029236470669208,0.0009418699543451481,0.7902118649602395
ts_xs_rank_feature_232,0.00327922151598753,-0.0024958533694328447,0.7902117952497687
ts_delta5_feature_071,0.008713912688676361,-0.0025026813663650374,0.7902117882806989
feature_178,0.0006104205536444074,0.005895936035578001,0.7902115659278466
feature_303,0.00017208065674005466,0.0,0.790211512064862
ts_xs_rank_delta1_feature_175,0.0040437834557926575,0.003867606564752499,0.7902113752475562
ts_xs_rank_delta1_feature_084,-0.0015919479690474927,-0.003505023719774037,0.7902113596485087
feature_265,0.00043929640444342086,-0.0024855659598803223,0.790211334320355
feature_002,0.0004329430691731203,-0.002446724715068505,0.7902113204948462
ts_delta5_feature_197,0.010454577991277109,-0.012600373825912734,0.7902112177382028
ts_historical_zscore20_feature_108,0.0006901777837408213,0.003544860259008865,0.7902111981525948
ts_xs_rank_feature_028,-0.0006147352543914598,0.0004722945331610143,0.7902111917570015
ts_historical_zscore20_feature_087,0.0026577220451751253,0.003601603168253668,0.7902111037175751
ts_xs_rank_feature_080,-0.002335269715520457,0.0019694576959057492,0.7902110141635419
ts_xs_rank_delta1_feature_028,0.0010520335161565112,0.0025215038042059493,0.7902109733457482
ts_historical_zscore20_feature_068,-0.00021431043855578224,-0.02318882195198397,0.790210883211717
ts_historical_zscore20_feature_207,0.010276697409204805,0.005851185107219962,0.7902108727434126
ts_xs_rank_delta1_feature_067,-0.0020577150303514513,-0.002065281930807562,0.7902107941458796
ts_lag1_feature_055,-0.0002038252992252788,0.0015980681298549157,0.7902107384834707
ts_xs_rank_delta1_feature_140,-0.0006574139120511761,-0.0033300981401741094,0.7902107220539849
feature_224,-0.004158427441354776,-0.0066744708881172924,0.7902107019993031
ts_xs_rank_feature_131,-0.0017519513913350365,-0.0032320544210626525,0.7902106107646996
ts_historical_zscore20_feature_255,-0.0006694022544237458,-0.0019579394410819298,0.7902105611143249
ts_delta1_feature_227,-0.0011550960280980829,-0.001958092124108193,0.7902105231525415
ts_minus_ema20_feature_225,-0.00012869881328588838,-0.008748032079318702,0.7902104896666511
feature_028,-4.621479233345249e-05,0.0032740142723935925,0.790210395231929
ts_historical_zscore20_feature_196,0.0004190333375998623,0.0010891344038637435,0.7902103816377866
ts_historical_zscore20_feature_226,-0.004197252762254162,-0.0024571182805675855,0.7902102699317126
ts_xs_rank_delta1_feature_234,0.00030536937823310125,0.003260627823418441,0.7902102442714393
ts_historical_zscore20_feature_077,-0.00046362456218443344,-0.0025219128740573598,0.7902102382577456
ts_lag1_feature_072,0.016270020598105436,0.00865553330183074,0.790210223655269
ts_xs_rank_delta1_feature_053,-0.00044916713520942915,-0.0016138261669792614,0.7902102221374236
ts_ema5_feature_072,0.01626886136542949,0.008606934583412933,0.7902102204320874
ts_ema20_feature_072,0.01626448549062002,0.008409560579858272,0.7902102067412987
ts_historical_zscore20_feature_253,0.004440356576428106,0.0003234408290362234,0.7902101089486798
ts_historical_zscore20_feature_062,-0.006091025514590124,-0.0030476166641773476,0.79021008700381
ts_historical_zscore20_feature_291,0.00488232343014831,0.0016341926323231591,0.790210037480379
ts_xs_rank_feature_236,-4.388915149534618e-05,0.0002763340726282623,0.7902100276854844
ts_ema5_feature_055,-2.6343104281711808e-05,0.001800294694229003,0.7902100206841924
ts_xs_rank_delta1_feature_131,0.0007098730646071871,0.0005951642160422524,0.7902099985850999
ts_xs_rank_feature_119,-3.511597590996885e-05,-0.000717310326171906,0.7902099962786364
ts_historical_zscore20_feature_072,0.004454933596491652,0.0019581114967180493,0.7902099957575107
ts_historical_zscore20_feature_104,0.0,0.0,0.7902099154854604
ts_historical_zscore20_feature_191,0.0,0.0,0.7902099154854604
ts_xs_rank_delta1_feature_235,0.00031905754596978493,3.6072197824269704e-05,0.7902098967071818
ts_xs_rank_delta1_feature_207,8.871709649992143e-05,-0.0008942393072124933,0.7902098926136603
feature_101,-2.0224714147951958e-05,-0.02402296521567977,0.790209861224527
ts_xs_rank_delta1_feature_010,0.000764721342603927,9.675400088964395e-05,0.7902098548523369
ts_historical_zscore20_feature_012,0.0014075841785676912,-0.010683861961166509,0.7902098169725892
ts_xs_rank_delta1_feature_055,-0.000469570336540881,3.73315622467839e-05,0.7902098159084444
ts_delta1_feature_197,-0.001791413479476699,-0.006131524712274709,0.7902098139073828
ts_historical_zscore20_feature_225,4.255171917516326e-05,-0.004798312965713633,0.7902098130359123
ts_xs_rank_delta1_feature_237,-0.0012714876770753346,-0.0006515139463968705,0.7902097931347787
ts_historical_zscore20_feature_203,0.005027040796554662,-0.008830302815919663,0.7902097925308184
ts_xs_rank_delta1_feature_059,0.0013265407735667807,0.0003616456071976114,0.7902097835570048
ts_xs_rank_feature_083,0.00041774893783510874,-0.0030295286712477276,0.7902097560627336
ts_xs_rank_delta1_feature_159,-0.0013458676861709572,0.00012757583744814186,0.7902097476338653
ts_xs_rank_feature_067,-0.001921907690837352,-0.0035509109747689084,0.7902097467848708
ts_xs_rank_delta1_feature_275,-0.0006561234768637894,0.00021530781909176217,0.7902097339595655
ts_historical_zscore20_feature_201,0.006744440115718156,-0.014963140216192453,0.7902097303380511
ts_historical_zscore20_feature_011,0.006744440115718156,-0.014963140216192453,0.7902097303380511
ts_rolling_std20_feature_141,0.005594428715663072,-0.0012431072932236368,0.7902096709973049
ts_historical_zscore20_feature_197,0.0015995938186609837,-0.0008190943751146396,0.7902096514124229
ts_historical_zscore20_feature_073,0.00044893061659793466,0.0006378856883884642,0.7902096460722756
ts_xs_rank_delta1_feature_065,-0.0016369652867539305,-7.757893920097422e-05,0.7902095990953194
ts_rolling_std20_feature_022,0.00709829938077773,0.008941392708576626,0.7902095808493339
ts_delta1_feature_062,3.525372310186963e-05,-0.00453310333162534,0.7902095405770921
ts_xs_rank_delta1_feature_197,-0.0025938266285755124,0.0008174882157334439,0.7902094378760722
ts_lag1_feature_074,0.015987637457360426,0.006629525257519655,0.7902094193341433
ts_ema5_feature_074,0.01598551159092832,0.006588055508839488,0.7902094122644864
ts_xs_rank_delta1_feature_086,0.002380226754766925,0.00021199739893601398,0.7902094080805452
ts_ema20_feature_074,0.015978003901900805,0.006422807074979909,0.7902093836852142
ts_delta1_feature_071,-0.004152365408463081,0.00045665405570168623,0.7902093706587834
ts_xs_rank_delta1_feature_106,0.0007254584398775358,-0.0009323720719295876,0.7902093698797806
ts_xs_rank_delta1_feature_119,-0.0007867841550895895,0.0011370382225866504,0.7902093509147522
ts_historical_zscore20_feature_128,0.0002537561546657087,-0.01466902546542712,0.7902093197533386
feature_122,-0.020507318664287566,-0.012086471362024601,0.7902093029793693
ts_xs_rank_feature_237,0.00021865025014928594,0.00026809983251454737,0.7902093009328593
ts_xs_rank_delta1_feature_073,-0.0023248826900730906,-4.319525279544656e-05,0.790209284378449
ts_xs_rank_feature_160,0.000329521870521088,0.00016814445678250197,0.7902090620084162
feature_282,-0.00031028681594103886,-0.008624756689967537,0.7902090522294476
feature_285,-0.012893167042567905,-0.016030533651930894,0.7902089793663859
ts_xs_rank_feature_066,0.0028984078982478515,-0.0021277893723260625,0.7902089689375702
ts_xs_rank_feature_077,-0.00030554097874399094,-0.005000297956979839,0.7902089443805949
ts_xs_rank_feature_059,0.002684116869655618,-0.0023239491544748254,0.7902089396060665
ts_lag1_feature_122,-0.0202682665197985,-0.01192725219782832,0.7902089292646985
feature_141,-6.135236782307269e-05,0.024477612930982225,0.790208897837762
ts_xs_rank_feature_074,-0.0029698575976962174,0.0021737668885021843,0.7902088956386979
ts_xs_rank_feature_064,0.0029614267813173013,-0.0022011202231988843,0.7902088690255736
ts_ema20_feature_055,0.00027390394703891786,0.0021786211722055805,0.7902088484741211
ts_historical_zscore20_feature_169,0.0026180140876871883,-0.004334627120081709,0.7902085903812592
ts_minus_ema20_feature_224,0.004244169045340626,0.0013836692942528353,0.7902085724081009
ts_xs_rank_delta1_feature_021,-0.0011318574066717514,-0.00040183251850299035,0.7902085604785238
feature_251,0.004007450721535469,-0.005626425323764779,0.7902084295872311
feature_277,0.0028303238150788066,0.0007999337847908246,0.7902083863991018
ts_xs_rank_delta1_feature_112,-0.0012746875439312104,0.002248500940335061,0.7902083719429346
ts_xs_rank_delta1_feature_041,-0.0020817583597241922,0.0004125852946121121,0.7902083485342598
ts_xs_rank_feature_275,0.00048174045878186583,-0.004368301442787197,0.7902082301671907
ts_xs_rank_delta1_feature_077,0.0020637268673898953,-0.0034371453810195553,0.7902080488610053
ts_xs_rank_delta1_feature_104,-0.00324195469183185,0.0010962227044034659,0.7902080440906922
ts_ema5_feature_122,-0.019919083998715493,-0.01163746612441012,0.7902080047244312
ts_xs_rank_feature_207,-0.001179302966939587,0.007971242595297898,0.7902079840038908
ts_historical_zscore20_feature_227,-0.0018592565997711278,0.0024596341695614895,0.7902078596957326
ts_xs_rank_delta1_feature_066,-0.0010463069853060257,0.004719200722039624,0.7902078453668523
ts_xs_rank_delta1_feature_056,-0.0021894526162665345,0.0007711770517947207,0.7902078087346183
ts_historical_zscore20_feature_296,0.004200727190477439,-0.0015757519998967654,0.7902077757727463
ts_historical_zscore20_feature_119,0.000783758660202798,-0.005687384644046912,0.7902077254962043
ts_xs_rank_feature_021,-0.005287433305448064,0.005605477495048226,0.790207720163571
feature_017,0.00463039076733245,0.018498007373559503,0.7902075714990358
ts_xs_rank_delta1_feature_236,0.0022086083245073814,-0.001367085725110137,0.7902075456294753
ts_lag5_feature_122,-0.01947001919272981,-0.01135489058027381,0.7902074388945242
ts_historical_zscore20_feature_124,-0.0054662435485557945,0.021703900116554077,0.7902074237831528
ts_minus_ema20_feature_024,0.0007461666057963608,-0.008222327524038254,0.7902072965947364
ts_xs_rank_delta1_feature_165,-0.002422990637372833,0.0009718569199702747,0.7902072904796505
ts_historical_zscore20_feature_061,-0.0006390606384751195,0.009547068558107072,0.7902072554250423
ts_xs_rank_feature_104,0.0012743806275064102,0.0001361121876078141,0.7902070809279806
ts_delta1_feature_086,0.005859448401158806,0.0012469333374730694,0.7902070575016182
ts_minus_ema20_feature_119,0.007162009043407778,0.0010869353212702674,0.7902067695719931
ts_xs_rank_feature_273,0.001117736635471007,-0.003648586398800551,0.7902064697764162
ts_xs_rank_feature_114,0.001118908840376378,-0.003649122340563453,0.7902064655956096
ts_historical_zscore20_feature_229,0.001746103511356811,-0.008093672288768387,0.7902063425262802
ts_minus_ema20_feature_080,0.0014803552958517333,-0.009679885963413088,0.7902063288639444
ts_ema20_feature_229,-0.0008561201532431743,-0.0017948193587908137,0.7902062926753572
ts_ema20_feature_114,-0.0015792987330043857,0.0017464172133239916,0.7902060954892137
feature_310,-0.017243983742620476,-0.03335001657648439,0.7902059991278944
ts_historical_zscore20_feature_113,0.0002340742750546616,-0.04155921761233615,0.7902058819059721
ts_historical_zscore20_feature_129,0.004535048250942431,-0.004382162517751168,0.7902058705176541
ts_xs_rank_delta1_feature_198,0.006113643814993599,-0.00031117150388824646,0.7902058136392178
feature_022,-0.00019712042413049462,0.01832012553804617,0.7902056833857941
ts_lag5_feature_112,0.0027549906394410224,-0.014100164791394422,0.7902056453852465
ts_ema20_feature_122,-0.018803375736016155,-0.010739652856106414,0.7902054820753739
ts_delta5_feature_231,0.00046127050302477196,-0.02131455271704424,0.790205460754881
ts_xs_rank_feature_278,-0.0014016576155038228,0.009446989767205522,0.7902053046119524
ts_ema5_feature_114,-0.0019492760142946954,0.0015313156063981323,0.7902052742985695
ts_xs_rank_delta1_feature_141,-0.003247109158751342,0.00233966909675212,0.7902052181535184
ts_xs_rank_delta1_feature_232,-0.0035799927975241276,0.0012312551250602136,0.7902051467647956
ts_xs_rank_delta1_feature_072,0.002231430767381023,-0.003923014602389082,0.790205085920228
ts_xs_rank_delta1_feature_071,0.0040027197571933446,-0.003778193461896004,0.7902050660604786
ts_delta5_feature_084,0.015616755320233123,0.006816231095677368,0.7902050471763751
ts_lag1_feature_114,-0.0020536874878330008,0.0014762937949556617,0.79020504355282
ts_xs_rank_feature_159,-0.0034847763546317747,0.004289399779949003,0.7902049400437285
ts_delta5_feature_252,0.012166934717731061,0.0030791940435490888,0.7902049299742614
ts_lag5_feature_229,-0.0012547236311712543,-0.002306567352700998,0.7902047615675153
ts_xs_rank_delta1_feature_278,0.0033467616232388197,-0.001501838143003726,0.7902046534782006
ts_xs_rank_delta1_feature_052,0.001294526738845206,-0.0017303963118156561,0.7902046508680226
ts_xs_rank_delta1_feature_069,0.005154582945914949,-0.0006774197878211705,0.7902046207658305
ts_rolling_std20_feature_068,0.012427758201916484,0.005917035832290925,0.7902045311593229
ts_historical_zscore20_feature_193,0.009358024984546597,-0.003449103303608513,0.7902044896843573
ts_ema5_feature_083,-0.0006794409550005174,-0.008731814151214861,0.790204457990807
ts_xs_rank_delta1_feature_080,0.0035705731404516586,-0.0016296479641858552,0.7902044143425697
ts_lag5_feature_055,0.0013866888490694808,0.0020339205928532455,0.7902043663859042
feature_317,-0.011473331452823067,-0.009461657673414087,0.7902043604684658
ts_xs_rank_feature_055,0.003044827457830827,0.002403908832412169,0.7902039411968501
ts_historical_zscore20_feature_301,-0.009065830828992627,0.0005488612156357004,0.7902036598695502
feature_309,-0.0031529749510324353,-0.0017233144310923472,0.7902034244800916
ts_xs_rank_delta1_feature_160,0.004514083313359689,-0.0006924664725894653,0.7902034156184725
feature_159,0.0011878843774402882,0.0031118050864699653,0.790203278313618
feature_262,-0.0017415698414015265,0.003047879748058211,0.7902032554971936
feature_302,-0.0007299530453103285,-0.0005737716196882306,0.7902032495764234
ts_ema20_feature_080,0.0007914633920676114,-0.0007511306884690517,0.7902031862730918
ts_ema5_feature_229,-0.0016647109691946638,-0.0026805151228162932,0.7902031845027301
ts_xs_rank_feature_262,0.003836843511802632,0.00043089881003458203,0.7902031586756036
feature_142,-0.00035417919263830796,0.04643608944761413,0.7902031423156601
feature_064,-0.0012403631412624063,-0.008686084963183937,0.7902031412364158
ts_historical_zscore20_feature_024,0.004936589610586483,-0.008937131052864073,0.7902026986803481
ts_xs_rank_delta1_feature_273,0.004351636261134572,-0.0020213076030361123,0.7902026776285068
ts_ema5_feature_080,0.0008467337263642541,-0.000925213703064275,0.7902026752595364
feature_066,-0.0013032889920805257,-0.008760373936138035,0.7902026424084008
ts_xs_rank_delta1_feature_114,0.0044606808376378764,-0.0019999288102322483,0.7902024591891372
ts_lag1_feature_080,0.0008712904332435126,-0.001014355221465622,0.7902024410445793
feature_059,-0.0013479466102652776,-0.008734759119770388,0.7902024105365372
ts_lag1_feature_229,-0.0019356049704788458,-0.003135444093083712,0.7902023361717707
feature_267,-0.011434608138979788,-0.009501399237025457,0.7902018057969494
feature_229,-0.002112431101718835,-0.0034026311288187015,0.7902017944960971
ts_xs_rank_feature_140,-0.0030992212975142347,0.003881094991051915,0.7902016244204709
ts_delta1_feature_084,0.006753318859547657,4.474283551613745e-05,0.7902011974787111
feature_004,-0.011457336605991733,-0.009456661665917266,0.790201031012621
ts_xs_rank_feature_165,-0.004621230668363345,-0.004124592960307174,0.7902008445832525
ts_lag1_feature_083,-0.0011440553079209977,-0.008809785504287395,0.7902005599942861
ts_rolling_std20_feature_065,0.003511909717188263,-0.001407571724452362,0.7902005016331253
feature_222,-0.004668683169412895,0.002063326348733653,0.7902002654438136
ts_rolling_std20_feature_262,0.0066650965827552994,-0.000530206398844343,0.7902002608033275
ts_historical_zscore20_feature_310,-0.006994751913256436,0.00861539626615408,0.7902001582272544
feature_035,-0.0032447401555102486,-0.004795238107110957,0.7901991958235793
feature_118,0.0019096405659716847,-0.020660544329204472,0.790198810141231
ts_rolling_std20_feature_140,-0.010699087673277381,0.0010697386526378081,0.7901988044001477
feature_143,0.004346898211969212,-0.0025403184523875625,0.7901986495921159
ts_xs_rank_feature_071,-0.0061987570255831615,-0.0029165128952462257,0.7901986243895243
ts_minus_ema20_feature_023,-0.008690762062098756,-0.0007908076017461487,0.7901979291039742
feature_174,0.0015331109488225423,0.002367484384800651,0.790197763117413
feature_089,0.001540861462391807,0.002371614940735406,0.7901976502175309
ts_historical_zscore20_feature_065,-0.0027104891619900238,0.006730826532033342,0.7901976482414182
feature_165,0.003489263814397949,-0.00897190423857215,0.7901976369402959
ts_rolling_std20_feature_113,0.019229215207856164,0.023680038959461615,0.7901976256863147
ts_historical_zscore20_feature_127,-0.001802640278362278,0.052015518928820115,0.7901973980219638
ts_rolling_std20_feature_072,-0.001986609313288684,0.011101969841391002,0.7901973537799706
feature_280,-0.007012857319758116,0.00040548187356224827,0.7901973413566145
ts_rolling_std20_feature_064,0.007043917159655418,0.005178980199104008,0.790196767090751
ts_minus_ema20_feature_061,-0.008755016924307111,0.0016693819146988368,0.7901965124614679
ts_historical_zscore20_feature_295,0.009478853568077088,0.0004888049471722122,0.7901960733841507
ts_lag1_feature_065,0.0031618636967702916,-0.007809154657471742,0.7901958790169985
ts_ema5_feature_065,0.0031622302581635073,-0.007811214469686372,0.7901958706601495
ts_ema20_feature_065,0.0031597129773847745,-0.007818320138261654,0.7901958599471113
ts_lag5_feature_140,0.01824906442094811,0.00724214493497725,0.7901954909874197
ts_rolling_std20_feature_074,-0.004050683024201111,0.0046492723097118676,0.7901953989823454
feature_270,-0.0067027652501882055,-0.005532060023210936,0.7901952803295396
feature_053,-0.0027493209003168675,0.002366933390503825,0.7901951685499167
feature_320,-0.00654077780572192,-0.005394544927987748,0.790195060275572
feature_007,-0.006701362518153159,-0.005471063184242585,0.7901950054868514
ts_lag1_feature_165,0.004396556181760881,-0.008939100572217851,0.7901942985354066
ts_ema5_feature_165,0.0044190455711078085,-0.00886070622976009,0.7901942628077672
ts_rolling_std20_feature_128,-0.006882897881836247,0.007151345250792842,0.7901942336189836
ts_historical_zscore20_feature_023,-0.0044364404917552015,0.0051009344240136876,0.790194228076749
feature_250,0.003915279286037927,-0.00789361040550949,0.7901942109788428
ts_ema20_feature_165,0.004472930066437492,-0.008683495690512954,0.7901941405927886
ts_xs_rank_delta1_feature_125,0.005017484065720225,-0.0027951933415841807,0.7901941160443526
ts_minus_ema20_feature_077,-0.0030678738687872496,-0.00034782004382959847,0.7901941019544465
ts_historical_zscore20_feature_258,0.006359476777502601,-0.0027510677686481493,0.79019326876385
ts_historical_zscore20_feature_084,0.00781316760956844,-0.0016125881558197164,0.79019326035799
feature_206,-0.005207873889023482,0.0023334814890727897,0.7901926591803305
ts_delta5_feature_227,0.005482524194998419,-0.007976696774329918,0.7901926557218575
feature_170,0.0023345863068131513,0.012997065930039358,0.7901921436239572
ts_lag5_feature_165,0.0050557331255938285,-0.008775247086180566,0.7901921124234704
feature_136,-0.005762582994459285,-0.008662876666195583,0.7901920869831413
ts_delta5_feature_086,0.022171599976370974,0.006942302403111339,0.7901920020808924
ts_historical_zscore20_feature_312,-0.007043517011957715,-0.0018980020072077808,0.7901919429452546
feature_220,0.012899400241406666,0.0022206060537168838,0.7901917422389897
feature_044,-0.0020206950154549905,0.00010987958462244652,0.7901916760115072
feature_140,0.012189660864559795,0.006497734874523749,0.7901914755069225
feature_231,0.0014997654241702936,0.007584871038868439,0.7901914743096125
ts_rolling_std20_feature_165,0.02535989711789476,0.014274522518973706,0.790191435021705
ts_historical_zscore20_feature_059,-0.019847085171006324,-0.00658225566628249,0.7901908713493893
feature_298,0.00786385823551381,0.013564635327581483,0.7901908399505596
feature_221,0.0024008069425685793,-0.01890440812342789,0.7901905871572867
feature_152,0.014824233932810411,0.018278922413191106,0.7901898624150929
ts_minus_ema20_feature_256,0.005575639800203943,-0.008086876492023373,0.7901896070900769
feature_146,-0.002451794377677844,-0.0003392915339256463,0.7901892885757336
ts_ema20_feature_069,-0.002888588370415654,0.006560519760512445,0.7901887685498281
feature_069,-0.002919580495658983,0.00644179267585583,0.7901887233890006
ts_ema5_feature_069,-0.002914936015695588,0.00647913694108502,0.7901886981492092
ts_lag5_feature_069,-0.0029186321203473376,0.006503511169590301,0.7901886253015113
ts_lag1_feature_069,-0.0029348022621396293,0.006454937019686697,0.7901885813876992
feature_205,-0.006354931817707545,0.001545837283191548,0.7901885070368584
feature_024,-0.014341819606192975,-0.006687014100808977,0.7901883860829567
ts_historical_zscore20_feature_190,0.016451570015681406,0.0015543015452789647,0.7901880479193323
ts_historical_zscore20_feature_086,0.011041248240268075,-0.0016648066067610073,0.7901879248101356
ts_lag5_feature_065,0.006258141474833941,-0.007813259281002185,0.7901874391441697
ts_rolling_std20_feature_059,0.009651224265832477,0.006071252062489657,0.7901873257732916
feature_088,-0.011948771413424578,-0.0022224835088086024,0.7901873081374371
ts_xs_rank_feature_197,-0.0034997143757148587,0.006630553927656184,0.7901872374128229
feature_098,0.0071497342189856695,-0.004508192051305483,0.7901864543727111
ts_rolling_std20_feature_073,-0.007022128545641078,-0.0014547624822407832,0.7901860891897518
ts_xs_rank_feature_056,0.004959094832676208,-0.009881429192196771,0.790185800722351
feature_181,-0.0018510008555254589,0.0285971465993296,0.7901853775055451
ts_historical_zscore20_feature_022,-0.008991495442953752,-0.0004776403488245015,0.7901853316499892
ts_minus_ema20_feature_295,0.012717103675798713,-0.002878057508970028,0.790185024396381
ts_xs_rank_feature_086,-0.005255948111836256,0.002798183860058984,0.7901848752847911
ts_historical_zscore20_feature_081,0.013381213823705223,0.002251084212619805,0.7901840241439527
ts_ema20_feature_140,0.01807715264771001,0.00829865055783602,0.7901833330426193
feature_197,0.005851458199262353,0.010230465653271537,0.7901833083656891
feature_295,0.004357401770219376,0.0016958946390154754,0.7901822778669434
ts_lag5_feature_118,0.012720907845957079,-0.020165979838342927,0.7901821070088031
feature_010,-0.006085863402277874,-0.007495856180773409,0.7901819613816312
feature_092,-0.011666717958436514,-0.010019797562876503,0.7901812094832122
ts_rolling_std20_feature_127,-0.00863585081521178,0.004408041037398405,0.7901811990342054
ts_rolling_std20_feature_124,-0.005228400236230257,0.007795226718368502,0.7901802339939072
ts_delta1_feature_235,0.01908408813024473,0.006336132236914389,0.7901798969119833
feature_139,-0.004021292200668771,0.018019137315295135,0.7901797366460697
ts_delta5_feature_207,0.009803773353013997,-0.002460982313176682,0.7901797047774378
feature_043,-0.042723209917587344,-0.02194313474078787,0.7901796787917101
feature_242,-0.006637992057633573,-0.01891262148719409,0.7901796595475465
ts_historical_zscore20_feature_154,0.011990556269349632,-0.0004889058126984529,0.7901796258271244
ts_lag5_feature_080,0.0045902322719763525,-0.0008656079646731427,0.7901780416235111
ts_xs_rank_feature_069,0.00748138285456056,-0.0055948795998385,0.7901779107962431
ts_ema20_feature_068,0.014342989205070808,-0.002217278004999758,0.7901773577062203
ts_minus_ema20_feature_258,0.006535818019311766,-0.014242766153344867,0.7901758512091182
ts_delta1_feature_207,0.01199909199817497,-0.000660710723222554,0.7901756089843036
ts_ema5_feature_140,0.017948342102823298,0.006934114902413671,0.7901750944740475
feature_049,-0.008510366073655443,-0.008058704756980657,0.7901743488650433
ts_lag1_feature_140,0.017697830677608755,0.006615623588132969,0.7901742608874083
ts_lag5_feature_068,0.01373309873910915,-0.0034618847907382203,0.7901739304663318
feature_082,0.021682957828125883,0.0257803410320096,0.7901738003283467
feature_252,0.0018118415753598436,-0.02155429366042228,0.7901735671088415
ts_minus_ema20_feature_084,0.02492246371384547,0.00847612443738282,0.7901734130316741
ts_historical_zscore20_feature_273,-0.03463224290702142,-0.013881883867500005,0.79017333013649
ts_ema5_feature_068,0.01328287918834078,-0.004108684854277779,0.7901730035123146
feature_150,-0.008653479062242094,-0.0085915456367809,0.7901728732503643
feature_138,0.012493010241118313,0.006638344803191163,0.7901727910326098
ts_lag1_feature_068,0.012871741953243152,-0.004750893788207142,0.7901720355483741
feature_068,0.01264831305888923,-0.0051013728822224096,0.7901715652045069
feature_062,-0.004638637743475325,-0.010436142912209574,0.790171092776846
feature_020,0.00778800420582114,0.013502966117527155,0.7901703940644482
feature_255,-0.02961616102537402,-0.01841702191454863,0.7901699691181359
ts_historical_zscore20_feature_298,0.011343915636383565,-0.009342576876487166,0.7901691001664137
ts_historical_zscore20_feature_112,0.0039653171069511505,-0.020867346425567066,0.7901687275333661
ts_historical_zscore20_feature_262,-0.01106808277138135,0.007128646898887477,0.7901687149763372
ts_delta1_feature_234,0.023118715701401824,0.007198764406575745,0.7901686602297183
ts_historical_zscore20_feature_106,-0.010831158554973158,0.0037140585382391053,0.7901673949117516
feature_019,0.008242386675882203,0.01125956870251979,0.790166782741701
feature_183,-0.018920472564754497,-0.005543923257274192,0.7901664838501409
ts_ema20_feature_273,-0.010987212782228204,0.00174641501021906,0.7901646351389241
ts_lag5_feature_273,-0.011165111205306957,0.0015857317506665666,0.7901643280324891
feature_312,-0.003581488151057858,-0.017763111260995952,0.7901640779379255
feature_104,0.004875275145386229,0.0009934108517695587,0.7901639878051003
ts_ema5_feature_273,-0.011406646509953851,0.0015313104687797229,0.7901632622848852
ts_lag1_feature_273,-0.011525276500533302,0.0014762917484207208,0.7901628514023546
feature_114,-0.011685294010279759,0.0014497567701687558,0.7901620727901782
feature_273,-0.011685294494936539,0.0014497578914543137,0.7901620727835617
ts_ema20_feature_119,0.01125200121954948,0.01793774327755101,0.7901615946387315
ts_minus_ema20_feature_022,-0.016621390261982148,0.00270579777425004,0.7901609797054914
feature_119,0.011360473536746681,0.017946164087720557,0.7901609776900174
ts_minus_ema20_feature_299,-0.008449363740057475,-0.002999144056847775,0.790160516005511
ts_ema5_feature_119,0.011432654666792963,0.017912452851013706,0.7901605013748965
ts_lag5_feature_119,0.011512086829903366,0.017884550199092027,0.7901601164863066
ts_rolling_std20_feature_069,0.010666771601228682,-0.005103821765333967,0.7901600841289618
ts_lag1_feature_119,0.01153352851245637,0.017939871243745503,0.7901599669971971
feature_046,-0.013423961397822873,-0.00858014427383317,0.7901594080890009
feature_103,0.0060871913518085255,-0.008747482836438284,0.7901587665386165
feature_147,-0.013259761711450315,-0.0088879197680252,0.7901582167071175
feature_029,0.013981524807084209,0.024131435611486243,0.7901580564158437
feature_145,-0.042583767227273195,-0.021699718485527618,0.7901579713648886
ts_xs_rank_feature_052,-0.008053503469916198,-0.001951819362150922,0.7901567194742535
feature_072,0.00919545275393736,0.008680565967254066,0.7901545829064809
ts_minus_ema20_feature_155,-0.020088483154046446,-0.0022890559709803663,0.7901544846308886
feature_033,-0.007394364669184231,0.0001342113599477354,0.7901536936440788
ts_historical_zscore20_feature_152,0.023753166177271745,0.006635333082276241,0.7901536113008507
ts_ema20_feature_118,0.013311656528630589,-0.019472349576659765,0.790153168440124
ts_lag1_feature_118,0.012764783946491085,-0.0205807351008319,0.7901528420262247
ts_ema5_feature_118,0.012895561587392272,-0.020370849493002902,0.7901527507547447
ts_delta5_feature_234,0.030376788178180465,0.010248958231666409,0.7901523846113345
feature_172,0.014086872939778904,0.011636683558014897,0.7901514264699698
feature_071,0.00883195586429317,-0.00372584002050131,0.7901504967265488
feature_134,-0.006535120268619326,0.000619817756707042,0.7901504415190981
ts_minus_ema20_feature_291,0.019420096106483938,-0.0022034692278976916,0.7901501080337978
feature_190,0.019006371721090074,-0.003720774173859878,0.7901497840983929
feature_192,0.01900637172109007,-0.003720774173859889,0.7901497840983929
feature_195,0.01900637172109007,-0.003720774173859878,0.7901497840983929
feature_193,0.01900637172109008,-0.003720774173859881,0.7901497840983929
feature_194,0.019006371685972183,-0.0037207742022463863,0.7901497840983697
feature_189,0.019006371685972183,-0.003720774202246383,0.7901497840983697
feature_191,0.01900637172137792,-0.003720774418817924,0.7901497840970144
feature_025,0.022635473572760804,0.027685736554509937,0.790148838008356
ts_historical_zscore20_feature_067,-0.01396071475224642,0.005116424824365037,0.7901473624734504
feature_240,0.014323880029905664,0.005870581919381547,0.7901470463396641
ts_minus_ema20_feature_172,0.024095228747932355,0.0007799913813997854,0.7901468664455239
ts_minus_ema20_feature_194,0.02114754777426849,-0.0024006444324312514,0.7901462335446924
ts_minus_ema20_feature_189,0.02114754777426849,-0.0024006444324312514,0.7901462335446924
ts_minus_ema20_feature_190,0.021147547828692322,-0.0024006444047867895,0.7901462335445055
ts_minus_ema20_feature_192,0.021147547828692322,-0.0024006444047867895,0.7901462335445055
ts_minus_ema20_feature_195,0.021147547828692322,-0.0024006444047867895,0.7901462335445055
ts_minus_ema20_feature_193,0.021147547828692322,-0.0024006444047867895,0.7901462335445055
ts_minus_ema20_feature_191,0.02114754788254303,-0.0024006448848931713,0.7901462335411993
feature_198,0.00900642368808098,-0.003733051969291811,0.7901460230184087
feature_238,0.033856611507227456,0.03964750879501723,0.7901453724573172
feature_079,0.021254468473191578,0.02226483777990351,0.7901447189663235
feature_018,0.012374273442543014,0.020471812675492165,0.7901430347070557
feature_149,-0.03989015705968768,-0.01725309788893553,0.790142583282963
feature_253,0.01272920841173344,-0.013658697729601614,0.7901403135452618
feature_102,0.008512175102115268,-0.002920000321182678,0.7901400420738993
feature_177,0.008528908897324314,-0.002904799522461652,0.7901395104489075
feature_083,-0.006556885222955252,-0.008916656023780063,0.7901394873337553
feature_216,0.017170325117067158,-0.0016752356741316587,0.7901385675143927
feature_030,0.026436274594160602,0.02744015919947926,0.7901380809338479
feature_048,-0.03966956855041012,-0.016448888632308693,0.7901365523983628
ts_delta5_feature_062,0.0024759008445490952,-0.0058508192258641565,0.7901358604795073
ts_minus_ema20_feature_087,0.02127606560137918,0.003968109475831151,0.7901355684144159
feature_180,-0.018662294231263272,-0.006264294007019899,0.7901331728238968
feature_127,-0.019144486128472766,-0.0006459544276333017,0.7901317058588734
feature_202,0.018254021425500803,-0.001591933901269133,0.7901284419712359
ts_rolling_std20_feature_125,0.010192482600113925,-0.002433712540933275,0.7901282253277975
feature_199,0.01951722280982352,-0.00027759551257203977,0.7901253014400687
ts_rolling_std20_feature_060,0.020804785671055027,0.005336435627146185,0.7901245974638824
feature_105,0.017524415016726438,0.01436848117294794,0.7901236653215133
feature_169,0.005909951192965611,-0.00975863102404585,0.7901232800152902
feature_211,0.009226504663716073,-0.020076607462842802,0.7901209941662152
feature_245,0.007695070314701721,-0.022883507367509926,0.790119166890541
feature_200,0.019630476559223013,-0.00021915495817428297,0.7901186880120354
feature_021,-0.0045525247655114655,0.0032602871765060257,0.7901138356674369
ts_ema20_feature_236,0.009696914495577628,0.007283148705482106,0.7901097921257467
ts_minus_ema20_feature_226,0.01966158031711946,-0.0015453443848180435,0.7901089090739972
feature_091,0.007854740301997731,-0.03061381214692181,0.7901086475913882
feature_241,-0.011161855670174805,0.020963487319996792,0.7901078336225376
feature_086,-0.004805744382854145,-4.081870033052354e-05,0.7901076311531595
feature_236,0.009968766032149686,0.007723431185493009,0.7901074477221485
feature_301,-0.0116159481972655,-0.006475537165897675,0.7901073216442065
ts_rolling_std20_feature_143,-0.009038412763973196,0.02390685548065543,0.7901071361485398
feature_196,0.00681928405821859,0.00211784617634993,0.7901059760771956
ts_ema5_feature_236,0.010086502564991448,0.007594103088826323,0.7901056942360932
feature_100,-0.00642096119844496,-0.008838200396799872,0.7901047561404911
ts_minus_ema20_feature_060,0.01822149963467111,-0.012144457462416332,0.7901044644907635
ts_lag1_feature_236,0.010218425240405492,0.007682809755610182,0.7901042560354802
ts_minus_ema20_feature_202,0.020820671618514683,-0.0020548088726440885,0.7901041397240236
feature_063,-0.005425665482618388,-0.005780052741620889,0.7901041036769311
ts_lag5_feature_236,0.010227672808523235,0.007515447669180921,0.7901040253065066
feature_153,0.012962892008847716,0.009931959393673442,0.7901037983407617
ts_minus_ema20_feature_199,0.021652713417301617,-0.0007771779394821928,0.7901018241562969
ts_delta1_feature_106,-0.015435986926311695,0.0026998632367611895,0.7900995693671324
feature_026,0.011508490979984898,0.008601282254557467,0.7900993394669498
feature_304,-0.015501921329693014,-0.010858939390046656,0.7900977715033067
feature_041,0.003545436279478377,0.0012310106207117312,0.7900973292760057
ts_rolling_std20_feature_112,0.012236241326228216,-0.010763470158943956,0.7900961006024151
ts_minus_ema20_feature_169,0.02464563061196485,-0.003424004888259353,0.7900936992359158
feature_031,0.015688188584529562,0.01480098952384671,0.7900916719257646
ts_minus_ema20_feature_200,0.022361094388593905,-0.0005655724453526922,0.7900907270760308
feature_027,0.021945746484534456,0.020892545502309148,0.790090233240589
feature_163,0.01247604812244564,0.00027781809475945613,0.7900816112234598
feature_243,-0.03660316753931945,-0.025773035795847263,0.7900809084762016
ts_historical_zscore20_feature_195,0.02190329979690849,-0.005490268580426136,0.7900791735046233
feature_209,0.0179164061218326,-0.009583848131466658,0.7900759560856013
ts_ema20_feature_232,0.007957717918831951,-0.006735527763084807,0.7900750156126666
ts_lag5_feature_232,0.008064149354966445,-0.006650713576072195,0.7900730434339429
feature_106,-0.0050308821942308185,-0.0019312008093068682,0.7900713183613538
ts_ema5_feature_232,0.008192443523764942,-0.006592893972610342,0.7900707355950983
feature_239,0.015829307867746705,0.014262254124393733,0.7900685710178414
ts_lag1_feature_232,0.008365101588291821,-0.006531653559954762,0.7900674859568599
feature_232,0.008449581364658032,-0.006487881457121775,0.7900659400590528
ts_historical_zscore20_feature_200,0.0204152419044966,-0.007332863332623603,0.7900634008967887
feature_290,0.05411878691924555,0.03979036176081232,0.7900595446794662
ts_historical_zscore20_feature_199,0.020622117105518627,-0.007456495142230761,0.7900593054833593
feature_012,0.025446604733511402,-0.0012894991212682753,0.7900583997295982
feature_128,-0.03701944617676827,-0.010557818906302538,0.7900575527938768
ts_lag5_feature_278,-0.006679592411947488,0.010085585010695532,0.7900553564483267
feature_023,-0.013399260034787844,0.009333191149098783,0.7900533706477508
feature_011,0.026025418685822893,-0.0012246323536648088,0.7900496863459581
feature_201,0.026025418685822893,-0.0012246323536648088,0.7900496863459581
ts_historical_zscore20_feature_192,0.022774038927703005,-0.005849256355475218,0.7900474673816004
ts_rolling_std20_feature_129,-0.012056278916903274,0.023493717719321638,0.7900461423009238
ts_minus_ema20_feature_012,0.02262862811377671,-0.005873811489662005,0.7900449290128456
ts_ema5_feature_278,-0.00705124965596944,0.01018373675603117,0.7900448424718932
ts_ema20_feature_278,-0.007075247693822095,0.009956397317696304,0.7900446975781994
feature_292,0.04252362899766981,0.03540904422988719,0.7900425640512103
ts_lag1_feature_278,-0.007175148605348517,0.010271271779491744,0.7900411965894898
ts_historical_zscore20_feature_202,0.021863961796194115,-0.007302116675781968,0.7900367699258152
ts_historical_zscore20_feature_194,0.021880833031826207,-0.007304852171792544,0.7900365866058046
ts_historical_zscore20_feature_189,0.02195472128320509,-0.007364890046928266,0.7900350695789801
feature_278,-0.007573918278431016,0.010310189183245534,0.7900299400074686
ts_rolling_std20_feature_122,0.0284246238737679,-0.00403659409100333,0.790027817611851
ts_minus_ema20_feature_201,0.020823630189174366,-0.010425955291330977,0.7900241340976315
ts_minus_ema20_feature_011,0.020823630189174366,-0.010425955291330977,0.7900241340976315
feature_016,0.010138874538879681,0.008229139659720653,0.790013954323802
feature_207,-0.011629493848868399,0.0014115908879756595,0.7900135436064767
ts_historical_zscore20_feature_252,0.026119845369723088,-0.007690248303618511,0.7900010968901137
ts_rolling_std20_feature_111,0.025972781326688114,-0.0032831945891163617,0.7900010759506976
feature_045,-0.042725160691880634,-0.009129129972439231,0.7899992472840154
feature_228,0.030578395343273748,-0.0015869089759239054,0.7899822894004336
feature_230,0.01435556944507448,-0.031856301458541715,0.7899739694812872
ts_historical_zscore20_feature_198,-0.017696831847852132,0.001974620675976758,0.78995875808259
feature_289,0.028468440555587834,0.017371404677948565,0.7899284131835258
feature_233,0.013697293412032279,0.015136682771558725,0.7898969430037616
feature_204,-0.008186316684395598,0.007246289656898905,0.7898881189412793
feature_107,0.009665683326391143,-0.002939782381339622,0.7898557401184635
ts_minus_ema20_feature_203,0.035353585672202766,-0.0047467330548525075,0.789835735640556
feature_234,0.009532122975719195,0.012342725290173058,0.7898331654903786
ts_delta5_feature_106,-0.03788297381724397,4.289431551984239e-05,0.7897571009393346
feature_210,-0.015122344132804244,-0.0007190584179149907,0.7895872020475994
feature_131,-0.009021846219467718,-0.0027524479722198063,0.7895318590072627
ts_historical_zscore20_feature_071,-0.011560657597346207,5.0881425935431066e-05,0.7895273300700112
feature_040,0.02179216189088278,0.010749086334053994,0.7895042285640566
ts_lag1_feature_131,-0.010032091031047529,-0.00275131269795174,0.7894239330799492
ts_ema5_feature_131,-0.010035168815135932,-0.0027473374562600413,0.789423458036739
ts_ema20_feature_131,-0.010053248529780925,-0.0027338797989714396,0.7894209392835823
feature_235,0.011867465600162311,0.011186761060883463,0.7894130704573765
ts_lag5_feature_131,-0.010831502315093753,-0.0027419516132699095,0.7893392077602213
ts_minus_ema20_feature_301,-0.01665387126810718,0.009590619891459685,0.7877022642182581
feature_052,0.0014861541516382735,-0.005959237889915341,-0.47620512279119054
